{
  "ResNet18-CIFAR100-seed42": {
    "avgpool": {
      "tg_mean": 0.03225806451612903,
      "ab_mean": 1.8285714285714285,
      "di_mean": 0.8181818181818182,
      "tg_n": 31,
      "ab_n": 245,
      "di_n": 572
    },
    "layer1": {
      "tg_mean": 2.6666666666666665,
      "ab_mean": 0.0,
      "di_mean": 0.11764705882352941,
      "tg_n": 279,
      "ab_n": 220,
      "di_n": 34
    },
    "layer2": {
      "tg_mean": 1.024390243902439,
      "ab_mean": 0.09433962264150944,
      "di_mean": 0.12244897959183673,
      "tg_n": 82,
      "ab_n": 159,
      "di_n": 49
    },
    "layer3": {
      "tg_mean": 0.4691358024691358,
      "ab_mean": 0.0625,
      "di_mean": 0.22727272727272727,
      "tg_n": 81,
      "ab_n": 48,
      "di_n": 22
    },
    "layer4": {
      "tg_mean": 0.13333333333333333,
      "ab_mean": 1.7178423236514522,
      "di_mean": 0.8376865671641791,
      "tg_n": 30,
      "ab_n": 241,
      "di_n": 536
    }
  },
  "ViTSmall-CIFAR100-seed42": {
    "encoder.layers.0": {
      "tg_mean": 0.725,
      "ab_mean": 0.26953125,
      "di_mean": 0.034482758620689655,
      "tg_n": 320,
      "ab_n": 256,
      "di_n": 58
    },
    "encoder.layers.11": {
      "tg_mean": 1.0681818181818181,
      "ab_mean": 0.5180722891566265,
      "di_mean": 0.18250950570342206,
      "tg_n": 88,
      "ab_n": 332,
      "di_n": 263
    },
    "encoder.layers.3": {
      "tg_mean": 0.4588235294117647,
      "ab_mean": 0.45454545454545453,
      "di_mean": 0.08522727272727272,
      "tg_n": 255,
      "ab_n": 396,
      "di_n": 176
    },
    "encoder.layers.6": {
      "tg_mean": 0.5985401459854015,
      "ab_mean": 0.6268656716417911,
      "di_mean": 0.2682926829268293,
      "tg_n": 137,
      "ab_n": 335,
      "di_n": 205
    },
    "encoder.layers.9": {
      "tg_mean": 1.1720430107526882,
      "ab_mean": 0.54,
      "di_mean": 0.2556053811659193,
      "tg_n": 93,
      "ab_n": 350,
      "di_n": 223
    },
    "encoder.ln": {
      "tg_mean": 0.8372093023255814,
      "ab_mean": 0.5611510791366906,
      "di_mean": 0.24107142857142858,
      "tg_n": 86,
      "ab_n": 278,
      "di_n": 224
    }
  },
  "CCT7-CIFAR100-seed42": {
    "norm": {
      "tg_mean": 1.3189655172413792,
      "ab_mean": 0.48337028824833705,
      "di_mean": 0.1978798586572438,
      "tg_n": 116,
      "ab_n": 451,
      "di_n": 566
    },
    "transformer.layers.0": {
      "tg_mean": 1.0962962962962963,
      "ab_mean": 0.5072463768115942,
      "di_mean": 0.503448275862069,
      "tg_n": 270,
      "ab_n": 207,
      "di_n": 145
    },
    "transformer.layers.1": {
      "tg_mean": 0.5730337078651685,
      "ab_mean": 0.5644768856447688,
      "di_mean": 0.34256055363321797,
      "tg_n": 267,
      "ab_n": 411,
      "di_n": 289
    },
    "transformer.layers.3": {
      "tg_mean": 0.65625,
      "ab_mean": 0.5111111111111111,
      "di_mean": 0.24774774774774774,
      "tg_n": 160,
      "ab_n": 450,
      "di_n": 444
    },
    "transformer.layers.5": {
      "tg_mean": 0.9618320610687023,
      "ab_mean": 0.5690021231422505,
      "di_mean": 0.2602965403624382,
      "tg_n": 131,
      "ab_n": 471,
      "di_n": 607
    },
    "transformer.layers.6": {
      "tg_mean": 0.5074626865671642,
      "ab_mean": 0.582089552238806,
      "di_mean": 0.20520673813169985,
      "tg_n": 134,
      "ab_n": 469,
      "di_n": 653
    }
  }
}